{
	"BUILD_DIR" : "C:/Qt/QtProjects/mediaSorterByNir/build/Desktop_Qt_6_7_0_MinGW_64_bit-Release/mediaSorterByNir_autogen",
	"CMAKE_BINARY_DIR" : "C:/Qt/QtProjects/mediaSorterByNir/build/Desktop_Qt_6_7_0_MinGW_64_bit-Release",
	"CMAKE_CURRENT_BINARY_DIR" : "C:/Qt/QtProjects/mediaSorterByNir/build/Desktop_Qt_6_7_0_MinGW_64_bit-Release",
	"CMAKE_CURRENT_SOURCE_DIR" : "C:/Qt/QtProjects/mediaSorterByNir",
	"CMAKE_SOURCE_DIR" : "C:/Qt/QtProjects/mediaSorterByNir",
	"INCLUDE_DIR" : "C:/Qt/QtProjects/mediaSorterByNir/build/Desktop_Qt_6_7_0_MinGW_64_bit-Release/mediaSorterByNir_autogen/include",
	"INPUTS" : 
	[
		"C:/Qt/QtProjects/mediaSorterByNir/icons/X_NoBackground.png",
		"C:/Qt/QtProjects/mediaSorterByNir/icons/V_NoBackground.png"
	],
	"LOCK_FILE" : "C:/Qt/QtProjects/mediaSorterByNir/build/Desktop_Qt_6_7_0_MinGW_64_bit-Release/CMakeFiles/mediaSorterByNir_autogen.dir/AutoRcc_resource_EWIEGA46WW_Lock.lock",
	"MULTI_CONFIG" : false,
	"OPTIONS" : [ "--no-zstd", "-name", "resource" ],
	"OUTPUT_CHECKSUM" : "EWIEGA46WW",
	"OUTPUT_NAME" : "qrc_resource.cpp",
	"RCC_EXECUTABLE" : "C:/Qt/6.7.0/mingw_64/./bin/rcc.exe",
	"RCC_LIST_OPTIONS" : [ "--list" ],
	"SETTINGS_FILE" : "C:/Qt/QtProjects/mediaSorterByNir/build/Desktop_Qt_6_7_0_MinGW_64_bit-Release/CMakeFiles/mediaSorterByNir_autogen.dir/AutoRcc_resource_EWIEGA46WW_Used.txt",
	"SOURCE" : "C:/Qt/QtProjects/mediaSorterByNir/resource.qrc",
	"VERBOSITY" : 0
}
